City,ST,2024,,,,,,
New York[c],NY,"8,478,072",,,,,,
Los Angeles,CA,"3,878,704",,,,,,
Chicago,IL,"2,721,308",,,,,,
Houston,TX,"2,390,125",,,,,,
Phoenix,AZ,"1,673,164",,,,,,
Philadelphia[d],PA,"1,573,916",,,,,,
San Antonio,TX,"1,526,656",,,,,,
San Diego,CA,"1,404,452",,,,,,
Dallas,TX,"1,326,087",,,,,,
Jacksonville[e],FL,"1,009,833",,,,,,
Fort Worth,TX,"1,008,106",,,,,,
San Jose,CA,"997,368",,,,,,
Austin,TX,"993,588",,,,,,
Charlotte,NC,"943,476",,,,,,
Columbus,OH,"933,263",,,,,,
Indianapolis[f],IN,"891,484",,,,,,
San Francisco[g],CA,"827,526",,,,,,
Seattle,WA,"780,995",,,,,,
Denver[h],CO,"729,019",,,,,,
Oklahoma City,OK,"712,919",,,,,,
Nashville[i],TN,"704,963",,,,,,
Washington[j],DC,"702,250",,,,,,
El Paso,TX,"681,723",,,,,,
Las Vegas,NV,"678,922",,,,,,
Boston,MA,"673,458",,,,,,
Detroit,MI,"645,705",,,,,,
Louisville[k],KY,"640,796",,,,,,
Portland,OR,"635,749",,,,,,
Memphis,TN,"610,919",,,,,,
Baltimore[l],MD,"568,271",,,,,,
Milwaukee,WI,"563,531",,,,,,
Albuquerque,NM,"560,326",,,,,,
Tucson,AZ,"554,013",,,,,,
Fresno,CA,"550,105",,,,,,
Sacramento,CA,"535,798",,,,,,
Atlanta,GA,"520,070",,,,,,
Mesa,AZ,"517,151",,,,,,
Kansas City,MO,"516,032",,,,,,
Raleigh,NC,"499,825",,,,,,
Colorado Springs,CO,"493,554",,,,,,
Omaha,NE,"489,265",,,,,,
Miami,FL,"487,014",,,,,,
Virginia Beach[l],VA,"454,808",,,,,,
Long Beach,CA,"450,901",,,,,,
Oakland,CA,"443,554",,,,,,
Minneapolis,MN,"428,579",,,,,,
Bakersfield,CA,"417,468",,,,,,
Tulsa,OK,"415,154",,,,,,
Tampa,FL,"414,547",,,,,,
Arlington,TX,"403,672",,,,,,
Aurora,CO,"403,130",,,,,,
Wichita,KS,"400,991",,,,,,
Cleveland,OH,"365,379",,,,,,
New Orleans[m],LA,"362,701",,,,,,
Henderson,NV,"350,039",,,,,,
Honolulu[n],HI,"344,967",,,,,,
Anaheim,CA,"344,561",,,,,,
Orlando,FL,"334,854",,,,,,
Lexington[o],KY,"329,437",,,,,,
Stockton,CA,"324,975",,,,,,
Riverside,CA,"323,757",,,,,,
Irvine,CA,"318,683",,,,,,
Corpus Christi,TX,"317,317",,,,,,
Newark,NJ,"317,303",,,,,,
Santa Ana,CA,"316,184",,,,,,
Cincinnati,OH,"314,915",,,,,,
Pittsburgh,PA,"307,668",,,,,,
Saint Paul,MN,"307,465",,,,,,
Greensboro,NC,"307,381",,,,,,
Jersey City,NJ,"302,824",,,,,,
Durham,NC,"301,870",,,,,,
Lincoln,NE,"300,619",,,,,,
North Las Vegas,NV,"294,034",,,,,,
Plano,TX,"293,286",,,,,,
Anchorage[p],AK,"289,600",,,,,,
Gilbert,AZ,"288,790",,,,,,
Madison,WI,"285,300",,,,,,
Reno,NV,"281,714",,,,,,
Chandler,AZ,"281,231",,,,,,
St. Louis[l],MO,"279,695",,,,,,
Chula Vista,CA,"278,546",,,,,,
Buffalo,NY,"276,617",,,,,,
Fort Wayne,IN,"273,203",,,,,,
Lubbock,TX,"272,086",,,,,,
St. Petersburg,FL,"267,102",,,,,,
Toledo,OH,"265,638",,,,,,
Laredo,TX,"261,260",,,,,,
Port St. Lucie,FL,"258,575",,,,,,
Glendale,AZ,"258,143",,,,,,
Irving,TX,"258,060",,,,,,
Winston-Salem,NC,"255,769",,,,,,
Chesapeake[l],VA,"254,997",,,,,,
Garland,TX,"250,431",,,,,,
Scottsdale,AZ,"246,170",,,,,,
Boise[q],ID,"237,963",,,,,,
Hialeah,FL,"235,388",,,,,,
Frisco,TX,"235,208",,,,,,
Richmond[l],VA,"233,655",,,,,,
Cape Coral,FL,"233,025",,,,,,
Norfolk[l],VA,"231,105",,,,,,
Spokane,WA,"230,609",,,,,,
Huntsville,AL,"230,402",,,,,,
Santa Clarita,CA,"229,159",,,,,,
Tacoma,WA,"228,202",,,,,,
Fremont,CA,"228,192",,,,,,
McKinney,TX,"227,526",,,,,,
San Bernardino,CA,"224,775",,,,,,
Baton Rouge[r],LA,"220,907",,,,,,
Modesto,CA,"220,592",,,,,,
Fontana,CA,"218,455",,,,,,
Salt Lake City,UT,"217,783",,,,,,
Moreno Valley,CA,"213,919",,,,,,
Des Moines,IA,"213,096",,,,,,
Worcester,MA,"211,286",,,,,,
Yonkers,NY,"211,040",,,,,,
Fayetteville,NC,"209,496",,,,,,
Sioux Falls,SD,"209,289",,,,,,
Grand Prairie,TX,"207,331",,,,,,
Rochester,NY,"207,282",,,,,,
Tallahassee,FL,"205,089",,,,,,
Little Rock,AR,"204,774",,,,,,
Amarillo,TX,"203,729",,,,,,
Overland Park,KS,"202,893",,,,,,
Columbus[s],GA,"201,830",,,,,,
Augusta[t],GA,"201,737",,,,,,
Mobile,AL,"201,367",,,,,,
Oxnard,CA,"200,616",,,,,,
Grand Rapids,MI,"200,117",,,,,,
Peoria,AZ,"199,924",,,,,,
Vancouver,WA,"198,992",,,,,,
Knoxville,TN,"198,722",,,,,,
Birmingham,AL,"196,357",,,,,,
Montgomery,AL,"195,818",,,,,,
Providence,RI,"194,706",,,,,,
Huntington Beach,CA,"193,151",,,,,,
Brownsville,TX,"191,967",,,,,,
Chattanooga,TN,"191,496",,,,,,
Fort Lauderdale,FL,"190,641",,,,,,
Tempe,AZ,"190,114",,,,,,
Akron,OH,"189,664",,,,,,
Glendale,CA,"187,823",,,,,,
Clarksville,TN,"185,690",,,,,,
Ontario,CA,"185,285",,,,,,
Newport News[l],VA,"183,056",,,,,,
Elk Grove,CA,"182,797",,,,,,
Cary,NC,"182,659",,,,,,
Aurora,IL,"180,710",,,,,,
Salem,OR,"180,406",,,,,,
Pembroke Pines,FL,"179,326",,,,,,
Eugene,OR,"178,786",,,,,,
Santa Rosa,CA,"177,524",,,,,,
Rancho Cucamonga,CA,"176,675",,,,,,
Shreveport,LA,"176,578",,,,,,
Garden Grove,CA,"172,361",,,,,,
Oceanside,CA,"170,941",,,,,,
Fort Collins,CO,"170,924",,,,,,
Springfield,MO,"170,596",,,,,,
Murfreesboro,TN,"168,387",,,,,,
Surprise,AZ,"167,564",,,,,,
Lancaster,CA,"167,426",,,,,,
Denton,TX,"165,998",,,,,,
Roseville,CA,"163,304",,,,,,
Palmdale,CA,"162,536",,,,,,
Corona,CA,"161,540",,,,,,
Salinas,CA,"160,783",,,,,,
Killeen,TX,"160,616",,,,,,
Paterson,NJ,"160,463",,,,,,
Alexandria[l],VA,"159,102",,,,,,
Hollywood,FL,"159,073",,,,,,
Hayward,CA,"158,440",,,,,,
Charleston,SC,"157,665",,,,,,
Macon[u],GA,"157,056",,,,,,
Lakewood,CO,"156,868",,,,,,
Sunnyvale,CA,"156,792",,,,,,
Kansas City[v],KS,"156,752",,,,,,
Springfield,MA,"154,888",,,,,,
Bellevue,WA,"154,377",,,,,,
Naperville,IL,"153,124",,,,,,
Joliet,IL,"151,837",,,,,,
Bridgeport,CT,"151,599",,,,,,
Mesquite,TX,"150,140",,,,,,
Pasadena,TX,"149,617",,,,,,
Olathe,KS,"149,035",,,,,,
Escondido,CA,"148,847",,,,,,
Savannah,GA,"148,808",,,,,,
McAllen,TX,"148,782",,,,,,
Gainesville,FL,"148,720",,,,,,
Pomona,CA,"147,966",,,,,,
Rockford,IL,"147,486",,,,,,
Thornton,CO,"146,689",,,,,,
Waco,TX,"146,608",,,,,,
Visalia,CA,"146,271",,,,,,
Syracuse,NY,"146,097",,,,,,
Columbia,SC,"144,788",,,,,,
Midland,TX,"143,687",,,,,,
Miramar,FL,"143,242",,,,,,
Palm Bay,FL,"142,023",,,,,,
Lakewood[w],NJ,"141,985",,,,,,
Jackson,MS,"141,449",,,,,,
Coral Springs,FL,"140,808",,,,,,
Victorville,CA,"140,721",,,,,,
Elizabeth,NJ,"140,413",,,,,,
Fullerton,CA,"140,054",,,,,,
Meridian,ID,"139,740",,,,,,
Torrance,CA,"139,576",,,,,,
Stamford,CT,"139,134",,,,,,
West Valley City,UT,"138,144",,,,,,
Orange,CA,"137,941",,,,,,
Cedar Rapids,IA,"137,904",,,,,,
Warren,MI,"137,686",,,,,,
Hampton[l],VA,"137,596",,,,,,
New Haven,CT,"137,562",,,,,,
Pasadena,CA,"137,195",,,,,,
Kent,WA,"136,588",,,,,,
Dayton,OH,"136,346",,,,,,
Fargo,ND,"136,285",,,,,,
Lewisville,TX,"135,983",,,,,,
Carrollton,TX,"135,456",,,,,,
Round Rock,TX,"135,359",,,,,,
Sterling Heights,MI,"134,342",,,,,,
Santa Clara,CA,"133,132",,,,,,
Norman,OK,"131,010",,,,,,
Columbia,MO,"130,900",,,,,,
Abilene,TX,"130,501",,,,,,
Pearland,TX,"129,620",,,,,,
Athens[x],GA,"128,691",,,,,,
College Station,TX,"128,023",,,,,,
Clovis,CA,"127,993",,,,,,
West Palm Beach,FL,"127,744",,,,,,
Allentown,PA,"127,138",,,,,,
North Charleston,SC,"126,005",,,,,,
Simi Valley,CA,"125,778",,,,,,
Topeka,KS,"125,467",,,,,,
Wilmington,NC,"125,284",,,,,,
Lakeland,FL,"124,990",,,,,,
Thousand Oaks,CA,"124,229",,,,,,
Concord,CA,"124,016",,,,,,
Rochester,MN,"123,624",,,,,,
Vallejo,CA,"123,475",,,,,,
Ann Arbor,MI,"122,925",,,,,,
Broken Arrow,OK,"122,756",,,,,,
Fairfield,CA,"122,646",,,,,,
Lafayette[y],LA,"122,280",,,,,,
Hartford,CT,"122,129",,,,,,
Arvada,CO,"121,873",,,,,,
Berkeley,CA,"121,749",,,,,,
Independence,MO,"121,629",,,,,,
Billings,MT,"121,483",,,,,,
Cambridge,MA,"121,186",,,,,,
Lowell,MA,"120,418",,,,,,
Odessa,TX,"119,748",,,,,,
High Point,NC,"118,601",,,,,,
League City,TX,"118,456",,,,,,
Antioch,CA,"118,453",,,,,,
Richardson,TX,"118,221",,,,,,
Goodyear,AZ,"118,186",,,,,,
Pompano Beach,FL,"118,104",,,,,,
Nampa,ID,"117,350",,,,,,
Menifee,CA,"117,041",,,,,,
Las Cruces,NM,"116,998",,,,,,
Clearwater,FL,"116,811",,,,,,
West Jordan,UT,"116,688",,,,,,
New Braunfels,TX,"116,477",,,,,,
Manchester,NH,"116,386",,,,,,
Miami Gardens,FL,"116,173",,,,,,
Waterbury,CT,"115,908",,,,,,
Provo,UT,"115,479",,,,,,
Evansville,IN,"115,395",,,,,,
Richmond,CA,"115,353",,,,,,
Westminster,CO,"115,302",,,,,,
Elgin,IL,"114,701",,,,,,
Conroe,TX,"114,581",,,,,,
Greeley,CO,"114,363",,,,,,
Lansing,MI,"114,336",,,,,,
Buckeye,AZ,"114,334",,,,,,
Tuscaloosa,AL,"114,288",,,,,,
Allen,TX,"113,746",,,,,,
Carlsbad,CA,"113,575",,,,,,
Everett,WA,"113,011",,,,,,
Springfield,IL,"112,949",,,,,,
Beaumont,TX,"112,893",,,,,,
Murrieta,CA,"112,539",,,,,,
Rio Rancho,NM,"112,524",,,,,,
Temecula,CA,"112,431",,,,,,
Concord,NC,"112,395",,,,,,
Tyler,TX,"112,219",,,,,,
Davie,FL,"112,052",,,,,,
South Fulton,GA,"112,003",,,,,,
Peoria,IL,"111,696",,,,,,
Sparks,NV,"111,520",,,,,,
Gresham,OR,"111,507",,,,,,
Santa Maria,CA,"111,346",,,,,,
Pueblo,CO,"111,166",,,,,,
Hillsboro,OR,"110,337",,,,,,
Edison[w],NJ,"110,002",,,,,,
Sugar Land,TX,"109,851",,,,,,
Ventura[z],CA,"109,831",,,,,,
Downey,CA,"109,368",,,,,,
Costa Mesa,CA,"109,131",,,,,,
Centennial,CO,"108,853",,,,,,
Edinburg,TX,"108,733",,,,,,
Spokane Valley,WA,"108,267",,,,,,
Jurupa Valley,CA,"108,154",,,,,,
Bend,OR,"106,926",,,,,,
West Covina,CA,"106,920",,,,,,
Boulder,CO,"106,803",,,,,,
Palm Coast,FL,"106,729",,,,,,
Lee's Summit,MO,"106,419",,,,,,
Dearborn,MI,"106,377",,,,,,
Green Bay,WI,"106,311",,,,,,
St. George,UT,"106,288",,,,,,
Woodbridge[w],NJ,"106,101",,,,,,
Brockton,MA,"105,788",,,,,,
Renton,WA,"105,543",,,,,,
Sandy Springs,GA,"105,505",,,,,,
Rialto,CA,"104,918",,,,,,
El Monte,CA,"104,639",,,,,,
Vacaville,CA,"103,994",,,,,,
Fishers,IN,"103,986",,,,,,
South Bend,IN,"103,713",,,,,,
Carmel,IN,"103,606",,,,,,
Yuma,AZ,"103,559",,,,,,
Burbank,CA,"103,533",,,,,,
Lynn,MA,"103,489",,,,,,
Quincy,MA,"103,434",,,,,,
El Cajon,CA,"103,291",,,,,,
Fayetteville,AR,"103,134",,,,,,
Suffolk[l],VA,"103,105",,,,,,
San Mateo,CA,"103,006",,,,,,
Chico,CA,"102,911",,,,,,
Inglewood,CA,"102,774",,,,,,
Wichita Falls,TX,"102,372",,,,,,
Boca Raton,FL,"102,238",,,,,,
Hesperia,CA,"101,836",,,,,,
Daly City,CA,"101,418",,,,,,
Clinton[aa],MI,"101,359",,,,,,
Georgetown,TX,"101,344",,,,,,
New Bedford,MA,"101,318",,,,,,
Albany,NY,"101,317",,,,,,
Davenport,IA,"100,938",,,,,,
Plantation,FL,"100,694",,,,,,
Deltona,FL,"100,513",,,,,,
Federal Way,WA,"100,252",,,,,,
San Angelo,TX,"100,159",,,,,,
Tracy,CA,"100,136",,,,,,
Sunrise,FL,"100,128",,,,,,